,Unnamed: 0,date,open,high,low,close,volume
1445,1926,2023-05-26 13:19:00+00:00,185.13,185.13,185,185,2033
1446,1927,2023-05-26 13:20:00+00:00,185.09,185.11,185,185.1,1250
1447,1928,2023-05-26 13:21:00+00:00,185.02,185.35,185.02,185.35,7502
1448,1929,2023-05-26 13:22:00+00:00,185.36,185.39,185.11,185.19,6573
1449,1930,2023-05-26 13:23:00+00:00,185.2,185.2,185.1,185.18,2907
1450,1931,2023-05-26 13:24:00+00:00,185.16,185.2,185.09,185.2,4308
1451,1932,2023-05-26 13:25:00+00:00,185.12,185.15,184.9,184.92,11904
1452,1933,2023-05-26 13:26:00+00:00,184.92,185.01,184.79,185,8141
1453,1934,2023-05-26 13:27:00+00:00,185,185,184.51,184.91,19126
1454,1935,2023-05-26 13:28:00+00:00,184.91,184.91,184.5,184.54,6073
1455,1936,2023-05-26 13:29:00+00:00,184.55,184.62,184.51,184.51,8318
1456,1937,2023-05-26 13:30:00+00:00,184.62,185.41,184.53,185.37,742369
1457,1938,2023-05-26 13:31:00+00:00,185.37,185.78,185,185.59,550929
1458,1939,2023-05-26 13:32:00+00:00,185.6,186.09,185.47,185.9,584744
1459,1940,2023-05-26 13:33:00+00:00,185.89,186.58,185.86,186.5,629170
1460,1941,2023-05-26 13:34:00+00:00,186.5,186.97,186.35,186.73,555717
1461,1942,2023-05-26 13:35:00+00:00,186.71,187.3,186.06,187.09,899875
1462,1943,2023-05-26 13:36:00+00:00,187.11,187.91,187.1,187.84,827776
1463,1944,2023-05-26 13:37:00+00:00,187.84,188.24,187.75,187.97,702405
1464,1945,2023-05-26 13:38:00+00:00,187.98,188.35,187.83,188.33,607706
1465,1946,2023-05-26 13:39:00+00:00,188.34,188.4,187.77,187.94,634956
1466,1947,2023-05-26 13:40:00+00:00,187.94,188.25,187.78,188.17,596928
1467,1948,2023-05-26 13:41:00+00:00,188.17,188.21,187.96,188.05,315549
1468,1949,2023-05-26 13:42:00+00:00,188.06,188.18,187.76,188.18,612039
1469,1950,2023-05-26 13:43:00+00:00,188.18,188.27,187.83,187.86,521245
1470,1951,2023-05-26 13:44:00+00:00,187.85,188.05,187.52,187.53,452182
1471,1952,2023-05-26 13:45:00+00:00,187.52,187.85,187.45,187.68,406187
1472,1953,2023-05-26 13:46:00+00:00,187.68,187.8,187.16,187.38,483357
1473,1954,2023-05-26 13:47:00+00:00,187.38,187.41,187.18,187.24,352054
1474,1955,2023-05-26 13:48:00+00:00,187.24,187.73,186.97,187.73,666755
1475,1956,2023-05-26 13:49:00+00:00,187.73,188.16,187.29,187.34,606417
1476,1957,2023-05-26 13:50:00+00:00,187.34,187.89,187.3,187.84,335555
1477,1958,2023-05-26 13:51:00+00:00,187.84,188.16,187.81,188.01,463237
1478,1959,2023-05-26 13:52:00+00:00,188.01,188.15,187.73,188.02,361609
1479,1960,2023-05-26 13:53:00+00:00,187.99,188.57,187.95,188.56,672902
1480,1961,2023-05-26 13:54:00+00:00,188.58,188.63,188.08,188.38,453064
1481,1962,2023-05-26 13:55:00+00:00,188.37,188.65,188.3,188.48,402100
1482,1963,2023-05-26 13:56:00+00:00,188.45,188.96,188.42,188.88,505880
1483,1964,2023-05-26 13:57:00+00:00,188.87,189.22,188.71,189.15,726770
1484,1965,2023-05-26 13:58:00+00:00,189.16,189.22,188.86,188.95,423897
1485,1966,2023-05-26 13:59:00+00:00,188.94,189.22,188.73,189.16,469132
1486,1967,2023-05-26 14:00:00+00:00,189.18,189.83,189,189.82,811076
1487,1968,2023-05-26 14:01:00+00:00,189.82,189.95,189.61,189.93,664961
1488,1969,2023-05-26 14:02:00+00:00,189.93,189.96,189.64,189.75,480295
1489,1970,2023-05-26 14:03:00+00:00,189.78,189.79,189.53,189.53,356207
1490,1971,2023-05-26 14:04:00+00:00,189.53,189.71,189.46,189.53,352877
1491,1972,2023-05-26 14:05:00+00:00,189.52,189.68,189.15,189.16,349191
1492,1973,2023-05-26 14:06:00+00:00,189.14,189.61,189.05,189.4,498392
1493,1974,2023-05-26 14:07:00+00:00,189.41,189.93,189.37,189.51,559276
1494,1975,2023-05-26 14:08:00+00:00,189.51,189.61,188.9,189.04,523955
1495,1976,2023-05-26 14:09:00+00:00,189.02,189.79,188.98,189.74,455321
1496,1977,2023-05-26 14:10:00+00:00,189.79,190,189.57,189.99,568744
1497,1978,2023-05-26 14:11:00+00:00,189.97,189.99,189.54,189.82,407958
1498,1979,2023-05-26 14:12:00+00:00,189.8,189.96,189.75,189.9,308055
1499,1980,2023-05-26 14:13:00+00:00,189.9,190.34,189.87,190.28,743109
1500,1981,2023-05-26 14:14:00+00:00,190.29,190.61,190.11,190.56,657924
1501,1982,2023-05-26 14:15:00+00:00,190.56,190.69,190.45,190.67,482070
1502,1983,2023-05-26 14:16:00+00:00,190.67,190.73,190.31,190.46,446377
1503,1984,2023-05-26 14:17:00+00:00,190.47,190.53,190.1,190.24,417007
1504,1985,2023-05-26 14:18:00+00:00,190.23,190.52,190.02,190.43,469839
1505,1986,2023-05-26 14:19:00+00:00,190.42,190.44,190.1,190.4,277008
1506,1987,2023-05-26 14:20:00+00:00,190.4,190.51,190.11,190.47,364363
1507,1988,2023-05-26 14:21:00+00:00,190.47,190.49,189.71,189.75,527540
1508,1989,2023-05-26 14:22:00+00:00,189.74,189.95,189.7,189.74,376402
1509,1990,2023-05-26 14:23:00+00:00,189.75,190.02,189.56,190.02,405125
1510,1991,2023-05-26 14:24:00+00:00,190.02,190.26,189.9,189.96,374621
1511,1992,2023-05-26 14:25:00+00:00,189.98,190.35,189.95,190.27,265673
1512,1993,2023-05-26 14:26:00+00:00,190.27,190.43,190.16,190.23,357152
1513,1994,2023-05-26 14:27:00+00:00,190.23,190.38,190.1,190.12,218842
1514,1995,2023-05-26 14:28:00+00:00,190.12,190.43,190.1,190.39,232447
1515,1996,2023-05-26 14:29:00+00:00,190.39,190.43,190.12,190.28,282827
1516,1997,2023-05-26 14:30:00+00:00,190.28,190.49,190.14,190.34,276034
1517,1998,2023-05-26 14:31:00+00:00,190.34,190.4,189.71,189.81,383342
1518,1999,2023-05-26 14:32:00+00:00,189.79,190.02,189.79,189.94,262004
1519,2000,2023-05-26 14:33:00+00:00,189.95,190.08,189.82,190.05,264549
1520,2001,2023-05-26 14:34:00+00:00,190.06,190.3,189.92,190.25,324735
1521,2002,2023-05-26 14:35:00+00:00,190.25,190.46,190.2,190.43,317459
1522,2003,2023-05-26 14:36:00+00:00,190.43,191,190.27,191,884022
1523,2004,2023-05-26 14:37:00+00:00,191.03,191.2,190.99,191.02,511233
1524,2005,2023-05-26 14:38:00+00:00,191.02,191.18,190.73,191.12,374031
1525,2006,2023-05-26 14:39:00+00:00,191.1,191.14,190.88,191.05,314823
1526,2007,2023-05-26 14:40:00+00:00,191.07,191.2,190.9,190.93,319508
1527,2008,2023-05-26 14:41:00+00:00,190.93,191.22,190.85,191.14,315415
1528,2009,2023-05-26 14:42:00+00:00,191.13,191.38,191.05,191.12,465616
1529,2010,2023-05-26 14:43:00+00:00,191.12,191.21,190.82,190.93,431584
1530,2011,2023-05-26 14:44:00+00:00,190.94,191.06,190.75,190.86,375957
1531,2012,2023-05-26 14:45:00+00:00,190.84,190.92,190.76,190.89,170095
1532,2013,2023-05-26 14:46:00+00:00,190.9,191.09,190.8,191,287330
1533,2014,2023-05-26 14:47:00+00:00,191.01,191.1,190.86,190.96,255163
1534,2015,2023-05-26 14:48:00+00:00,190.96,191.11,190.91,191.07,283599
1535,2016,2023-05-26 14:49:00+00:00,191.04,191.06,190.86,190.95,216812
1536,2017,2023-05-26 14:50:00+00:00,190.95,191,190.81,190.88,219004
1537,2018,2023-05-26 14:51:00+00:00,190.89,190.99,190.4,190.43,408157
1538,2019,2023-05-26 14:52:00+00:00,190.43,190.97,190.4,190.92,266073
1539,2020,2023-05-26 14:53:00+00:00,190.93,191.07,190.88,190.96,252655
1540,2021,2023-05-26 14:54:00+00:00,190.97,191.1,190.83,190.97,229925
1541,2022,2023-05-26 14:55:00+00:00,190.97,191.11,190.71,190.92,268897
1542,2023,2023-05-26 14:56:00+00:00,190.94,191.24,190.89,191.18,340889
1543,2024,2023-05-26 14:57:00+00:00,191.17,191.33,191.1,191.33,286684
1544,2025,2023-05-26 14:58:00+00:00,191.34,191.47,191.24,191.4,336349
1545,2026,2023-05-26 14:59:00+00:00,191.4,191.53,191.31,191.31,404116
1546,2027,2023-05-26 15:00:00+00:00,191.31,191.35,191.13,191.2,334388
1547,2028,2023-05-26 15:01:00+00:00,191.19,191.35,191.12,191.26,217935
1548,2029,2023-05-26 15:02:00+00:00,191.25,191.38,191.03,191.11,202656
1549,2030,2023-05-26 15:03:00+00:00,191.11,191.12,190.92,191.07,314649
1550,2031,2023-05-26 15:04:00+00:00,191.08,191.2,190.81,191.02,289829
1551,2032,2023-05-26 15:05:00+00:00,191.01,191.1,190.77,190.78,191022
1552,2033,2023-05-26 15:06:00+00:00,190.78,190.8,190.5,190.58,339543
1553,2034,2023-05-26 15:07:00+00:00,190.59,190.76,190.58,190.71,263738
1554,2035,2023-05-26 15:08:00+00:00,190.71,190.85,190.61,190.81,235332
1555,2036,2023-05-26 15:09:00+00:00,190.81,190.88,190.63,190.87,214913
1556,2037,2023-05-26 15:10:00+00:00,190.84,190.98,190.53,190.67,288274
1557,2038,2023-05-26 15:11:00+00:00,190.66,190.83,190.64,190.8,124782
1558,2039,2023-05-26 15:12:00+00:00,190.8,190.94,190.66,190.69,208855
1559,2040,2023-05-26 15:13:00+00:00,190.68,190.69,190.12,190.27,442747
1560,2041,2023-05-26 15:14:00+00:00,190.28,190.71,190.27,190.71,237196
1561,2042,2023-05-26 15:15:00+00:00,190.72,190.95,190.67,190.93,267526
1562,2043,2023-05-26 15:16:00+00:00,190.93,191.01,190.71,190.78,305078
1563,2044,2023-05-26 15:17:00+00:00,190.77,190.91,190.75,190.79,119591
1564,2045,2023-05-26 15:18:00+00:00,190.8,190.87,190.68,190.74,163015
1565,2046,2023-05-26 15:19:00+00:00,190.74,190.76,190.35,190.75,296040
1566,2047,2023-05-26 15:20:00+00:00,190.75,191.13,190.68,190.93,460937
1567,2048,2023-05-26 15:21:00+00:00,190.95,190.96,190.8,190.95,156779
1568,2049,2023-05-26 15:22:00+00:00,190.94,191.06,190.86,190.98,228514
1569,2050,2023-05-26 15:23:00+00:00,190.98,191.06,190.75,190.89,174521
1570,2051,2023-05-26 15:24:00+00:00,190.9,191.15,190.83,191.02,219489
1571,2052,2023-05-26 15:25:00+00:00,191.04,191.21,190.9,191.17,242226
1572,2053,2023-05-26 15:26:00+00:00,191.16,191.4,191.16,191.34,307067
1573,2054,2023-05-26 15:27:00+00:00,191.33,191.38,191.27,191.38,204159
1574,2055,2023-05-26 15:28:00+00:00,191.39,191.39,191.2,191.31,182832
1575,2056,2023-05-26 15:29:00+00:00,191.29,191.33,191.04,191.23,226020
1576,2057,2023-05-26 15:30:00+00:00,191.24,191.69,191.24,191.65,402285
1577,2058,2023-05-26 15:31:00+00:00,191.65,191.7,191.38,191.43,272588
1578,2059,2023-05-26 15:32:00+00:00,191.42,191.73,191.4,191.58,357103
1579,2060,2023-05-26 15:33:00+00:00,191.59,191.92,191.57,191.88,346649
1580,2061,2023-05-26 15:34:00+00:00,191.87,191.95,191.74,191.82,340028
1581,2062,2023-05-26 15:35:00+00:00,191.8,191.91,191.6,191.81,244974
1582,2063,2023-05-26 15:36:00+00:00,191.8,191.97,191.76,191.94,242447
1583,2064,2023-05-26 15:37:00+00:00,191.94,191.96,191.83,191.89,199410
1584,2065,2023-05-26 15:38:00+00:00,191.91,191.97,191.73,191.82,210931
1585,2066,2023-05-26 15:39:00+00:00,191.83,191.99,191.75,191.98,234709
1586,2067,2023-05-26 15:40:00+00:00,191.99,191.99,191.85,191.95,170339
1587,2068,2023-05-26 15:41:00+00:00,191.95,192.26,191.92,192.23,460711
1588,2069,2023-05-26 15:42:00+00:00,192.24,192.43,192.21,192.41,296076
1589,2070,2023-05-26 15:43:00+00:00,192.42,192.6,192.36,192.59,409520
1590,2071,2023-05-26 15:44:00+00:00,192.6,192.74,192.56,192.71,292142
1591,2072,2023-05-26 15:45:00+00:00,192.71,192.74,192.32,192.47,387813
1592,2073,2023-05-26 15:46:00+00:00,192.46,192.7,192.41,192.69,278322
1593,2074,2023-05-26 15:47:00+00:00,192.7,193.23,192.59,193.19,643771
1594,2075,2023-05-26 15:48:00+00:00,193.18,193.77,193.13,193.66,704077
1595,2076,2023-05-26 15:49:00+00:00,193.67,193.69,193.43,193.61,344459
1596,2077,2023-05-26 15:50:00+00:00,193.64,193.98,193.61,193.8,470796
1597,2078,2023-05-26 15:51:00+00:00,193.79,194.38,193.72,194.27,656214
1598,2079,2023-05-26 15:52:00+00:00,194.25,194.53,194.25,194.43,728754
1599,2080,2023-05-26 15:53:00+00:00,194.42,194.43,193.76,194.04,564504
1600,2081,2023-05-26 15:54:00+00:00,194.04,194.33,193.94,194.21,384576
1601,2082,2023-05-26 15:55:00+00:00,194.21,194.72,194.04,194.72,509876
1602,2083,2023-05-26 15:56:00+00:00,194.72,194.85,194.41,194.59,528351
1603,2084,2023-05-26 15:57:00+00:00,194.6,194.77,194.41,194.58,322241
1604,2085,2023-05-26 15:58:00+00:00,194.58,194.72,194.51,194.58,276345
1605,2086,2023-05-26 15:59:00+00:00,194.59,194.65,194.5,194.51,231621
1606,2087,2023-05-26 16:00:00+00:00,194.52,194.52,194.1,194.27,493138
1607,2088,2023-05-26 16:01:00+00:00,194.28,194.42,194.15,194.24,326573
1608,2089,2023-05-26 16:02:00+00:00,194.24,194.5,194.21,194.46,245478
1609,2090,2023-05-26 16:03:00+00:00,194.48,194.67,194.41,194.66,247227
1610,2091,2023-05-26 16:04:00+00:00,194.65,194.68,194.41,194.42,258952
1611,2092,2023-05-26 16:05:00+00:00,194.44,194.49,194.28,194.32,249803
1612,2093,2023-05-26 16:06:00+00:00,194.32,194.37,194.22,194.28,223760
1613,2094,2023-05-26 16:07:00+00:00,194.29,194.33,194.15,194.27,244007
1614,2095,2023-05-26 16:08:00+00:00,194.28,194.29,193.83,193.85,362093
1615,2096,2023-05-26 16:09:00+00:00,193.86,193.94,193.61,193.85,364565
1616,2097,2023-05-26 16:10:00+00:00,193.85,194.2,193.81,194.08,417385
1617,2098,2023-05-26 16:11:00+00:00,194.06,194.3,194.06,194.16,287691
1618,2099,2023-05-26 16:12:00+00:00,194.16,194.28,194.12,194.15,170140
1619,2100,2023-05-26 16:13:00+00:00,194.15,194.23,193.93,194.11,248765
1620,2101,2023-05-26 16:14:00+00:00,194.14,194.23,194.1,194.22,159686
1621,2102,2023-05-26 16:15:00+00:00,194.22,194.35,194.07,194.31,251074
1622,2103,2023-05-26 16:16:00+00:00,194.31,194.33,194.07,194.07,185586
1623,2104,2023-05-26 16:17:00+00:00,194.09,194.11,193.88,194.09,214129
1624,2105,2023-05-26 16:18:00+00:00,194.1,194.18,194,194.02,175132
1625,2106,2023-05-26 16:19:00+00:00,194,194.2,193.91,194.1,196030
1626,2107,2023-05-26 16:20:00+00:00,194.08,194.19,193.9,194.08,199740
1627,2108,2023-05-26 16:21:00+00:00,194.09,194.43,193.93,194.3,320196
1628,2109,2023-05-26 16:22:00+00:00,194.31,194.42,193.98,194.04,326924
1629,2110,2023-05-26 16:23:00+00:00,194.05,194.14,193.72,193.77,265038
1630,2111,2023-05-26 16:24:00+00:00,193.78,194.01,193.77,193.93,206044
1631,2112,2023-05-26 16:25:00+00:00,193.95,194.03,193.81,193.96,157424
1632,2113,2023-05-26 16:26:00+00:00,193.97,194.01,193.86,193.9,133767
1633,2114,2023-05-26 16:27:00+00:00,193.9,194.02,193.85,193.93,215248
1634,2115,2023-05-26 16:28:00+00:00,193.94,194.07,193.88,194,174008
1635,2116,2023-05-26 16:29:00+00:00,193.98,194.15,193.92,194.14,217499
1636,2117,2023-05-26 16:30:00+00:00,194.14,194.17,193.97,194.11,194119
1637,2118,2023-05-26 16:31:00+00:00,194.1,194.27,194.09,194.21,229664
1638,2119,2023-05-26 16:32:00+00:00,194.21,194.71,194.16,194.71,519910
1639,2120,2023-05-26 16:33:00+00:00,194.69,194.7,194.26,194.51,370780
1640,2121,2023-05-26 16:34:00+00:00,194.5,194.85,194.5,194.76,470806
1641,2122,2023-05-26 16:35:00+00:00,194.78,194.93,194.52,194.66,412533
1642,2123,2023-05-26 16:36:00+00:00,194.66,194.66,194.48,194.52,178869
1643,2124,2023-05-26 16:37:00+00:00,194.53,194.68,194.48,194.66,205416
1644,2125,2023-05-26 16:38:00+00:00,194.66,194.78,194.62,194.74,190491
1645,2126,2023-05-26 16:39:00+00:00,194.74,194.74,194.46,194.5,200603
1646,2127,2023-05-26 16:40:00+00:00,194.48,194.71,194.47,194.67,219003
1647,2128,2023-05-26 16:41:00+00:00,194.66,194.73,194.52,194.62,129859
1648,2129,2023-05-26 16:42:00+00:00,194.61,195,194.6,194.98,360638
1649,2130,2023-05-26 16:43:00+00:00,194.98,195,194.72,194.76,264950
1650,2131,2023-05-26 16:44:00+00:00,194.76,194.89,194.74,194.87,127284
1651,2132,2023-05-26 16:45:00+00:00,194.88,195,194.85,195,304544
1652,2133,2023-05-26 16:46:00+00:00,195.05,195.44,195.05,195.23,473899
1653,2134,2023-05-26 16:47:00+00:00,195.22,195.27,195.07,195.13,192830
1654,2135,2023-05-26 16:48:00+00:00,195.14,195.14,194.96,195.1,218889
1655,2136,2023-05-26 16:49:00+00:00,195.1,195.27,195.09,195.27,240945
1656,2137,2023-05-26 16:50:00+00:00,195.27,195.49,195.27,195.48,292003
1657,2138,2023-05-26 16:51:00+00:00,195.49,195.49,195.37,195.44,214041
1658,2139,2023-05-26 16:52:00+00:00,195.42,195.49,195.36,195.48,220919
1659,2140,2023-05-26 16:53:00+00:00,195.49,195.75,195.45,195.62,483530
1660,2141,2023-05-26 16:54:00+00:00,195.62,195.7,195.36,195.54,307783
1661,2142,2023-05-26 16:55:00+00:00,195.55,195.9,195.54,195.89,363852
1662,2143,2023-05-26 16:56:00+00:00,195.89,196.24,195.84,196.23,675406
1663,2144,2023-05-26 16:57:00+00:00,196.21,196.58,196.2,196.55,611767
1664,2145,2023-05-26 16:58:00+00:00,196.57,196.73,196.4,196.42,505234
1665,2146,2023-05-26 16:59:00+00:00,196.42,196.6,196.31,196.55,368815
1666,2147,2023-05-26 17:00:00+00:00,196.56,197,196.48,197,522196
1667,2148,2023-05-26 17:01:00+00:00,197.09,197.44,197.09,197.3,603307
1668,2149,2023-05-26 17:02:00+00:00,197.32,197.48,197.15,197.38,400169
1669,2150,2023-05-26 17:03:00+00:00,197.39,197.5,197.35,197.43,387614
1670,2151,2023-05-26 17:04:00+00:00,197.44,197.58,197.16,197.41,526574
1671,2152,2023-05-26 17:05:00+00:00,197.41,197.65,197.33,197.5,364675
1672,2153,2023-05-26 17:06:00+00:00,197.51,198.15,197.51,198.07,760458
1673,2154,2023-05-26 17:07:00+00:00,198.08,198.21,197.67,197.8,594449
1674,2155,2023-05-26 17:08:00+00:00,197.8,197.93,197.67,197.74,319209
1675,2156,2023-05-26 17:09:00+00:00,197.72,198.09,197.72,197.94,404356
1676,2157,2023-05-26 17:10:00+00:00,197.94,198.14,197.9,198.05,344166
1677,2158,2023-05-26 17:11:00+00:00,198.07,198.6,197.92,197.95,680312
1678,2159,2023-05-26 17:12:00+00:00,197.94,198.04,197.87,197.96,352542
1679,2160,2023-05-26 17:13:00+00:00,197.96,198.32,197.87,198.23,336544
1680,2161,2023-05-26 17:14:00+00:00,198.23,198.25,198.03,198.22,270660
1681,2162,2023-05-26 17:15:00+00:00,198.21,198.5,198.21,198.36,411932
1682,2163,2023-05-26 17:16:00+00:00,198.36,198.45,197.79,197.97,440266
1683,2164,2023-05-26 17:17:00+00:00,197.97,198.06,197.32,197.4,462998
1684,2165,2023-05-26 17:18:00+00:00,197.4,197.42,196.73,196.74,617122
1685,2166,2023-05-26 17:19:00+00:00,196.76,197.47,196.62,197.42,672022
1686,2167,2023-05-26 17:20:00+00:00,197.46,197.48,197.03,197.29,430149
1687,2168,2023-05-26 17:21:00+00:00,197.29,197.35,197.01,197.03,289797
1688,2169,2023-05-26 17:22:00+00:00,197.03,197.06,196.65,196.85,383323
1689,2170,2023-05-26 17:23:00+00:00,196.85,197.23,196.8,197.13,314833
1690,2171,2023-05-26 17:24:00+00:00,197.13,197.16,196.88,196.93,304328
1691,2172,2023-05-26 17:25:00+00:00,196.92,196.93,196.63,196.72,227781
1692,2173,2023-05-26 17:26:00+00:00,196.72,196.72,196.34,196.48,417647
1693,2174,2023-05-26 17:27:00+00:00,196.5,196.94,196.43,196.87,341445
1694,2175,2023-05-26 17:28:00+00:00,196.87,197.19,196.78,196.96,448312
1695,2176,2023-05-26 17:29:00+00:00,196.97,197.14,196.8,197.12,280990
1696,2177,2023-05-26 17:30:00+00:00,197.14,197.18,196.91,197.02,241617
1697,2178,2023-05-26 17:31:00+00:00,197,197.1,196.8,197.01,232902
1698,2179,2023-05-26 17:32:00+00:00,197.01,197.49,197,197.44,400496
1699,2180,2023-05-26 17:33:00+00:00,197.47,197.54,197.2,197.47,261928
1700,2181,2023-05-26 17:34:00+00:00,197.46,197.79,197.45,197.53,395397
1701,2182,2023-05-26 17:35:00+00:00,197.53,197.54,197.28,197.34,322123
1702,2183,2023-05-26 17:36:00+00:00,197.31,197.4,197.1,197.28,226544
1703,2184,2023-05-26 17:37:00+00:00,197.27,197.36,197.21,197.28,158919
1704,2185,2023-05-26 17:38:00+00:00,197.27,197.38,197.02,197.07,239165
1705,2186,2023-05-26 17:39:00+00:00,197.07,197.38,197.07,197.32,225018
1706,2187,2023-05-26 17:40:00+00:00,197.33,197.33,196.7,196.76,351785
1707,2188,2023-05-26 17:41:00+00:00,196.74,196.76,196.18,196.34,556869
1708,2189,2023-05-26 17:42:00+00:00,196.34,196.53,196.18,196.48,361558
1709,2190,2023-05-26 17:43:00+00:00,196.48,196.5,196.17,196.34,270436
1710,2191,2023-05-26 17:44:00+00:00,196.33,196.49,196.28,196.41,212597
1711,2192,2023-05-26 17:45:00+00:00,196.42,196.44,196.05,196.14,334743
1712,2193,2023-05-26 17:46:00+00:00,196.15,196.33,196.12,196.29,222430
1713,2194,2023-05-26 17:47:00+00:00,196.29,196.34,196.15,196.33,221297
1714,2195,2023-05-26 17:48:00+00:00,196.32,196.39,195.65,195.69,488674
1715,2196,2023-05-26 17:49:00+00:00,195.71,195.79,195.4,195.66,475761
1716,2197,2023-05-26 17:50:00+00:00,195.66,196.07,195.51,195.93,437411
1717,2198,2023-05-26 17:51:00+00:00,195.92,196.19,195.86,196.17,330034
1718,2199,2023-05-26 17:52:00+00:00,196.19,196.39,196.15,196.29,291372
1719,2200,2023-05-26 17:53:00+00:00,196.28,196.34,196.08,196.16,248929
1720,2201,2023-05-26 17:54:00+00:00,196.15,196.18,196.01,196.14,208979
1721,2202,2023-05-26 17:55:00+00:00,196.14,196.28,196.04,196.23,183054
1722,2203,2023-05-26 17:56:00+00:00,196.2,196.53,196.19,196.42,338030
1723,2204,2023-05-26 17:57:00+00:00,196.45,196.45,196.11,196.28,279753
1724,2205,2023-05-26 17:58:00+00:00,196.28,196.39,196.1,196.14,193971
1725,2206,2023-05-26 17:59:00+00:00,196.17,196.22,195.74,195.93,278196
1726,2207,2023-05-26 18:00:00+00:00,195.93,196.03,195.88,195.9,181731
1727,2208,2023-05-26 18:01:00+00:00,195.9,195.96,195.62,195.65,225413
1728,2209,2023-05-26 18:02:00+00:00,195.7,195.73,195.21,195.22,388645
1729,2210,2023-05-26 18:03:00+00:00,195.22,195.68,195.17,195.64,390051
1730,2211,2023-05-26 18:04:00+00:00,195.65,195.76,195.5,195.61,267451
1731,2212,2023-05-26 18:05:00+00:00,195.6,195.85,195.46,195.79,324339
1732,2213,2023-05-26 18:06:00+00:00,195.78,195.88,195.62,195.73,240400
1733,2214,2023-05-26 18:07:00+00:00,195.74,195.86,195.71,195.76,168485
1734,2215,2023-05-26 18:08:00+00:00,195.76,195.95,195.69,195.85,252902
1735,2216,2023-05-26 18:09:00+00:00,195.87,195.88,195.46,195.59,255699
1736,2217,2023-05-26 18:10:00+00:00,195.58,195.66,195.38,195.56,304042
1737,2218,2023-05-26 18:11:00+00:00,195.56,195.6,195.32,195.38,219736
1738,2219,2023-05-26 18:12:00+00:00,195.39,195.6,195.34,195.52,199132
1739,2220,2023-05-26 18:13:00+00:00,195.52,195.85,195.45,195.84,242277
1740,2221,2023-05-26 18:14:00+00:00,195.84,196.15,195.82,196.11,376833
1741,2222,2023-05-26 18:15:00+00:00,196.12,196.32,196.04,196.22,368338
1742,2223,2023-05-26 18:16:00+00:00,196.24,196.24,195.9,196,241937
1743,2224,2023-05-26 18:17:00+00:00,196,196.01,195.75,195.84,225619
1744,2225,2023-05-26 18:18:00+00:00,195.83,196.18,195.69,196.12,293773
1745,2226,2023-05-26 18:19:00+00:00,196.12,196.14,196.01,196.07,146647
1746,2227,2023-05-26 18:20:00+00:00,196.07,196.37,195.98,196.36,290697
1747,2228,2023-05-26 18:21:00+00:00,196.36,196.49,196.23,196.48,271991
1748,2229,2023-05-26 18:22:00+00:00,196.48,196.54,196.3,196.42,266563
1749,2230,2023-05-26 18:23:00+00:00,196.4,196.47,196.3,196.37,156403
1750,2231,2023-05-26 18:24:00+00:00,196.38,196.51,196.33,196.37,211349
1751,2232,2023-05-26 18:25:00+00:00,196.39,196.52,196.22,196.37,298774
1752,2233,2023-05-26 18:26:00+00:00,196.38,196.38,195.97,196.19,298797
1753,2234,2023-05-26 18:27:00+00:00,196.18,196.35,196.16,196.31,165859
1754,2235,2023-05-26 18:28:00+00:00,196.32,196.39,196.22,196.31,193379
1755,2236,2023-05-26 18:29:00+00:00,196.32,196.33,196,196.02,216489
1756,2237,2023-05-26 18:30:00+00:00,196.02,196.17,195.91,195.94,187963
1757,2238,2023-05-26 18:31:00+00:00,195.92,195.94,195.39,195.46,306476
1758,2239,2023-05-26 18:32:00+00:00,195.47,195.7,195.36,195.69,318581
1759,2240,2023-05-26 18:33:00+00:00,195.69,195.72,195.49,195.65,224828
1760,2241,2023-05-26 18:34:00+00:00,195.66,195.85,195.59,195.81,243816
1761,2242,2023-05-26 18:35:00+00:00,195.81,195.84,195.68,195.72,181422
1762,2243,2023-05-26 18:36:00+00:00,195.75,196.08,195.66,195.93,309999
1763,2244,2023-05-26 18:37:00+00:00,195.94,196.06,195.84,195.95,172545
1764,2245,2023-05-26 18:38:00+00:00,195.93,196.18,195.86,196.17,229007
1765,2246,2023-05-26 18:39:00+00:00,196.17,196.19,195.93,195.94,264236
1766,2247,2023-05-26 18:40:00+00:00,195.95,196.03,195.85,195.89,170766
1767,2248,2023-05-26 18:41:00+00:00,195.88,195.9,195.51,195.85,306945
1768,2249,2023-05-26 18:42:00+00:00,195.85,195.95,195.6,195.7,240586
1769,2250,2023-05-26 18:43:00+00:00,195.7,196.02,195.7,195.99,204883
1770,2251,2023-05-26 18:44:00+00:00,196,196.43,195.99,196.41,315548
1771,2252,2023-05-26 18:45:00+00:00,196.44,196.51,196.34,196.45,304937
1772,2253,2023-05-26 18:46:00+00:00,196.45,196.64,196.36,196.47,405300
1773,2254,2023-05-26 18:47:00+00:00,196.45,196.55,196.1,196.3,373148
1774,2255,2023-05-26 18:48:00+00:00,196.23,196.5,196.14,196.47,241831
1775,2256,2023-05-26 18:49:00+00:00,196.49,196.53,196.3,196.46,155829
1776,2257,2023-05-26 18:50:00+00:00,196.46,196.54,196.28,196.4,172641
1777,2258,2023-05-26 18:51:00+00:00,196.4,196.44,196.21,196.34,124940
1778,2259,2023-05-26 18:52:00+00:00,196.34,196.4,196.29,196.38,99459
1779,2260,2023-05-26 18:53:00+00:00,196.39,196.52,196.37,196.39,178391
1780,2261,2023-05-26 18:54:00+00:00,196.42,196.5,196.3,196.47,153245
1781,2262,2023-05-26 18:55:00+00:00,196.47,196.75,196.45,196.62,300912
1782,2263,2023-05-26 18:56:00+00:00,196.63,196.74,196.41,196.47,286460
1783,2264,2023-05-26 18:57:00+00:00,196.46,196.55,196.09,196.15,316912
1784,2265,2023-05-26 18:58:00+00:00,196.12,196.24,196,196.12,292270
1785,2266,2023-05-26 18:59:00+00:00,196.13,196.24,195.97,196.08,217091
1786,2267,2023-05-26 19:00:00+00:00,196.09,196.2,196,196.12,191961
1787,2268,2023-05-26 19:01:00+00:00,196.13,196.34,196.11,196.25,226551
1788,2269,2023-05-26 19:02:00+00:00,196.26,196.26,196.13,196.23,152829
1789,2270,2023-05-26 19:03:00+00:00,196.23,196.34,196.19,196.34,188679
1790,2271,2023-05-26 19:04:00+00:00,196.34,196.38,196.23,196.34,123895
1791,2272,2023-05-26 19:05:00+00:00,196.35,196.36,196.17,196.26,119332
1792,2273,2023-05-26 19:06:00+00:00,196.26,196.46,196.21,196.46,181018
1793,2274,2023-05-26 19:07:00+00:00,196.44,196.66,196.43,196.53,265916
1794,2275,2023-05-26 19:08:00+00:00,196.53,196.66,196.45,196.63,195032
1795,2276,2023-05-26 19:09:00+00:00,196.64,196.94,196.64,196.93,362167
1796,2277,2023-05-26 19:10:00+00:00,196.91,197.18,196.87,197.16,469148
1797,2278,2023-05-26 19:11:00+00:00,197.16,197.25,196.83,196.92,403970
1798,2279,2023-05-26 19:12:00+00:00,196.92,196.93,196.65,196.69,252946
1799,2280,2023-05-26 19:13:00+00:00,196.69,196.7,196.4,196.43,250772
1800,2281,2023-05-26 19:14:00+00:00,196.43,196.71,196.42,196.64,274776
1801,2282,2023-05-26 19:15:00+00:00,196.63,196.79,196.6,196.76,181739
1802,2283,2023-05-26 19:16:00+00:00,196.77,196.78,196.6,196.62,148844
1803,2284,2023-05-26 19:17:00+00:00,196.62,196.7,196.54,196.69,140909
1804,2285,2023-05-26 19:18:00+00:00,196.69,196.71,196.51,196.52,132954
1805,2286,2023-05-26 19:19:00+00:00,196.51,196.62,196.46,196.48,177469
1806,2287,2023-05-26 19:20:00+00:00,196.48,196.53,196.25,196.29,203608
1807,2288,2023-05-26 19:21:00+00:00,196.3,196.37,196.23,196.25,176865
1808,2289,2023-05-26 19:22:00+00:00,196.26,196.27,196.02,196.13,278369
1809,2290,2023-05-26 19:23:00+00:00,196.12,196.27,196.09,196.21,203585
1810,2291,2023-05-26 19:24:00+00:00,196.2,196.28,195.82,195.84,357999
1811,2292,2023-05-26 19:25:00+00:00,195.84,195.84,195.66,195.75,270076
1812,2293,2023-05-26 19:26:00+00:00,195.75,195.76,195.37,195.59,371880
1813,2294,2023-05-26 19:27:00+00:00,195.59,195.59,194.64,194.83,531019
1814,2295,2023-05-26 19:28:00+00:00,194.83,195.16,194.82,195.06,382711
1815,2296,2023-05-26 19:29:00+00:00,195.05,195.14,194.86,195.02,282827
1816,2297,2023-05-26 19:30:00+00:00,195.01,195.05,194.42,194.43,413561
1817,2298,2023-05-26 19:31:00+00:00,194.45,194.59,194.4,194.57,371929
1818,2299,2023-05-26 19:32:00+00:00,194.57,194.99,194.47,194.7,441498
1819,2300,2023-05-26 19:33:00+00:00,194.7,194.95,194.63,194.9,226905
1820,2301,2023-05-26 19:34:00+00:00,194.93,194.95,194.72,194.86,227320
1821,2302,2023-05-26 19:35:00+00:00,194.84,194.95,194.66,194.67,217568
1822,2303,2023-05-26 19:36:00+00:00,194.66,194.78,194.41,194.62,317752
1823,2304,2023-05-26 19:37:00+00:00,194.62,194.8,194.14,194.19,422976
1824,2305,2023-05-26 19:38:00+00:00,194.17,194.23,193.55,193.86,605256
1825,2306,2023-05-26 19:39:00+00:00,193.84,193.85,193.25,193.53,527674
1826,2307,2023-05-26 19:40:00+00:00,193.53,193.54,193.17,193.19,414162
1827,2308,2023-05-26 19:41:00+00:00,193.17,193.65,193.17,193.64,443464
1828,2309,2023-05-26 19:42:00+00:00,193.63,193.66,193.45,193.58,243493
1829,2310,2023-05-26 19:43:00+00:00,193.58,193.85,193.52,193.56,312238
1830,2311,2023-05-26 19:44:00+00:00,193.55,193.66,193.41,193.59,221731
1831,2312,2023-05-26 19:45:00+00:00,193.57,193.58,193.06,193.24,385988
1832,2313,2023-05-26 19:46:00+00:00,193.22,193.26,192.81,192.83,496325
1833,2314,2023-05-26 19:47:00+00:00,192.84,192.97,192.52,192.52,452732
1834,2315,2023-05-26 19:48:00+00:00,192.53,192.58,192.25,192.57,518230
1835,2316,2023-05-26 19:49:00+00:00,192.55,192.84,192.43,192.61,448529
1836,2317,2023-05-26 19:50:00+00:00,192.58,192.65,192.23,192.25,405604
1837,2318,2023-05-26 19:51:00+00:00,192.23,192.4,191.89,191.97,588806
1838,2319,2023-05-26 19:52:00+00:00,191.98,192.63,191.93,192.61,551067
1839,2320,2023-05-26 19:53:00+00:00,192.59,192.63,192.38,192.54,295632
1840,2321,2023-05-26 19:54:00+00:00,192.56,193.11,192.46,193.1,513885
1841,2322,2023-05-26 19:55:00+00:00,193.09,193.46,193.07,193.43,470796
1842,2323,2023-05-26 19:56:00+00:00,193.43,193.44,193.21,193.37,458955
1843,2324,2023-05-26 19:57:00+00:00,193.38,193.48,193.36,193.48,396155
1844,2325,2023-05-26 19:58:00+00:00,193.47,193.48,193.22,193.25,318998
1845,2326,2023-05-26 19:59:00+00:00,193.25,193.32,193.11,193.16,617006
1846,2327,2023-05-26 20:00:00+00:00,193.15,193.29,193.13,193.29,2528074
1847,2328,2023-05-26 20:01:00+00:00,193.28,193.28,193.11,193.14,9093
1848,2329,2023-05-26 20:02:00+00:00,193.13,193.2,193.1,193.1,15182
1849,2330,2023-05-26 20:03:00+00:00,193.1,193.1,193,193,10603
1850,2331,2023-05-26 20:04:00+00:00,193.08,193.08,192.82,192.92,17919
1851,2332,2023-05-26 20:05:00+00:00,193,193.08,192.95,193.04,19306
1852,2333,2023-05-26 20:06:00+00:00,193.05,193.15,193.04,193.07,16124
1853,2334,2023-05-26 20:07:00+00:00,193.06,193.17,193.05,193.11,48512
1854,2335,2023-05-26 20:08:00+00:00,193.1,193.13,193.06,193.06,16459
1855,2336,2023-05-26 20:09:00+00:00,193.1,193.12,193.05,193.06,3962
1856,2337,2023-05-26 20:10:00+00:00,193.06,193.17,193.06,193.09,17428
1857,2338,2023-05-26 20:11:00+00:00,193.11,193.13,193.07,193.13,5769
1858,2339,2023-05-26 20:12:00+00:00,193.13,193.17,193.11,193.15,8814
1859,2340,2023-05-26 20:13:00+00:00,193.15,193.17,193.11,193.12,5184
1860,2341,2023-05-26 20:14:00+00:00,193.19,193.3,193.16,193.24,6850
1861,2342,2023-05-26 20:15:00+00:00,193.28,193.29,193.25,193.29,6962
1862,2343,2023-05-26 20:16:00+00:00,193.25,193.25,193.2,193.25,5347
1863,2344,2023-05-26 20:17:00+00:00,193.26,193.28,193.21,193.25,2038
1864,2345,2023-05-26 20:18:00+00:00,193.28,193.28,193.22,193.22,1646
1865,2346,2023-05-26 20:19:00+00:00,193.21,193.25,193.17,193.25,3160
1866,2347,2023-05-26 20:20:00+00:00,193.25,193.26,193.23,193.25,3999
1867,2348,2023-05-26 20:21:00+00:00,193.2,193.29,193.2,193.23,6958
1868,2349,2023-05-26 20:22:00+00:00,193.23,193.27,193.23,193.27,3722
1869,2350,2023-05-26 20:23:00+00:00,193.27,193.34,193.27,193.34,5696
1870,2351,2023-05-26 20:24:00+00:00,193.34,193.35,193.3,193.33,4523
1871,2352,2023-05-26 20:25:00+00:00,193.31,193.32,193.26,193.26,7589
1872,2353,2023-05-26 20:26:00+00:00,193.3,193.31,193.26,193.26,2488
1873,2354,2023-05-26 20:27:00+00:00,193.28,193.28,193.2,193.2,4348
1874,2355,2023-05-26 20:28:00+00:00,193.25,193.3,193.21,193.21,4597
1875,2356,2023-05-26 20:29:00+00:00,193.29,193.3,193.26,193.26,760
1876,2357,2023-05-26 20:30:00+00:00,193.3,193.31,193.3,193.3,4366
1877,2358,2023-05-26 20:31:00+00:00,193.3,193.35,193.3,193.34,5154
1878,2359,2023-05-26 20:32:00+00:00,193.34,193.39,193.34,193.35,7783
1879,2360,2023-05-26 20:33:00+00:00,193.35,193.35,193.31,193.31,4454
1880,2361,2023-05-26 20:34:00+00:00,193.32,193.33,193.3,193.32,5698
1881,2362,2023-05-26 20:35:00+00:00,193.32,193.35,193.3,193.3,5423
1882,2363,2023-05-26 20:36:00+00:00,193.31,193.39,193.31,193.39,3813
1883,2364,2023-05-26 20:37:00+00:00,193.38,193.46,193.37,193.46,5421
1884,2365,2023-05-26 20:38:00+00:00,193.46,193.7,193.45,193.65,20814
1885,2366,2023-05-26 20:39:00+00:00,193.68,193.88,193.55,193.88,8035
1886,2367,2023-05-26 20:40:00+00:00,193.72,193.82,193.7,193.75,6923
1887,2368,2023-05-26 20:41:00+00:00,193.76,193.76,193.58,193.58,6084
1888,2369,2023-05-26 20:42:00+00:00,193.65,193.7,193.57,193.63,3994
1889,2370,2023-05-26 20:43:00+00:00,193.62,193.7,193.6,193.65,4911
1890,2371,2023-05-26 20:44:00+00:00,193.6,193.65,193.58,193.64,3814
1891,2372,2023-05-26 20:45:00+00:00,193.55,193.65,193.55,193.65,3302
1892,2373,2023-05-26 20:46:00+00:00,193.57,193.65,193.55,193.6,2935
1893,2374,2023-05-26 20:47:00+00:00,193.6,193.63,193.6,193.63,1665
1894,2375,2023-05-26 20:48:00+00:00,193.63,193.7,193.63,193.66,4349
1895,2376,2023-05-26 20:49:00+00:00,193.68,193.68,193.63,193.68,2400
1896,2377,2023-05-26 20:50:00+00:00,193.65,193.73,193.65,193.73,3004
1897,2378,2023-05-26 20:51:00+00:00,193.77,193.77,193.74,193.74,3350
1898,2379,2023-05-26 20:52:00+00:00,193.74,193.83,193.72,193.83,3588
1899,2380,2023-05-26 20:53:00+00:00,193.77,193.85,193.77,193.8,3823
1900,2381,2023-05-26 20:54:00+00:00,193.83,193.85,193.77,193.85,3160
1901,2382,2023-05-26 20:55:00+00:00,193.84,193.93,193.8,193.93,3374
1902,2383,2023-05-26 20:56:00+00:00,193.92,194,193.17,194,13357
1903,2384,2023-05-26 20:57:00+00:00,194,194.1,194,194,8529
1904,2385,2023-05-26 20:58:00+00:00,194.01,194.1,194.01,194.05,5548
1905,2386,2023-05-26 20:59:00+00:00,194.09,194.1,194,194.06,6975
1906,2387,2023-05-26 21:00:00+00:00,194.07,194.22,194,194.22,12924
1907,2388,2023-05-26 21:01:00+00:00,194.12,194.37,194.12,194.34,9275
1908,2389,2023-05-26 21:02:00+00:00,194.32,194.4,194.23,194.39,14389
1909,2390,2023-05-26 21:03:00+00:00,194.38,194.47,194.35,194.4,6257
1910,2391,2023-05-26 21:04:00+00:00,194.4,194.4,194.3,194.38,4204
1911,2392,2023-05-26 21:05:00+00:00,194.4,194.4,194.32,194.36,3069
1912,2393,2023-05-26 21:06:00+00:00,194.35,194.44,194.35,194.43,5240
1913,2394,2023-05-26 21:07:00+00:00,194.43,194.43,194.13,194.15,12368
1914,2395,2023-05-26 21:08:00+00:00,194.16,194.26,194.01,194.01,9913
1915,2396,2023-05-26 21:09:00+00:00,194.08,194.13,193.84,193.84,28842
1916,2397,2023-05-26 21:10:00+00:00,193.85,193.96,193.85,193.95,2310
1917,2398,2023-05-26 21:11:00+00:00,193.95,193.99,193.9,193.91,6833
1918,2399,2023-05-26 21:12:00+00:00,193.98,193.99,193.91,193.95,4677
1919,2400,2023-05-26 21:13:00+00:00,193.95,194.17,193.95,194.15,2570
1920,2401,2023-05-26 21:14:00+00:00,194.17,194.17,194.06,194.06,853
1921,3037,2023-05-26 21:15:00+00:00,194.08,194.09,193.89,193.89,7821
1922,3038,2023-05-26 21:16:00+00:00,193.98,194,193.88,193.88,11434
1923,3039,2023-05-26 21:17:00+00:00,193.91,193.98,193.86,193.94,1716
1924,3040,2023-05-26 21:18:00+00:00,193.94,193.95,193.86,193.95,3996
1925,3041,2023-05-26 21:19:00+00:00,193.96,193.98,193.9,193.98,1900
1926,3042,2023-05-26 21:20:00+00:00,193.9,194,193.9,193.98,5014
1927,3043,2023-05-26 21:21:00+00:00,193.99,194,193.92,193.92,1174
1928,3044,2023-05-26 21:22:00+00:00,193.93,193.98,193.93,193.96,550
1929,3045,2023-05-26 21:23:00+00:00,193.96,193.96,193.96,193.96,500
1930,3046,2023-05-26 21:24:00+00:00,193.96,194,193.93,194,2890
1931,3047,2023-05-26 21:25:00+00:00,194.02,194.15,194,194.08,2473
1932,3048,2023-05-26 21:26:00+00:00,194.05,194.08,194.01,194.05,3328
1933,3049,2023-05-26 21:27:00+00:00,194.05,194.05,194,194.03,4238
1934,3050,2023-05-26 21:28:00+00:00,194.04,194.05,194,194.02,3089
1935,3051,2023-05-26 21:29:00+00:00,194.01,194.04,194,194,3248
1936,3052,2023-05-26 21:30:00+00:00,193.97,194.03,193.95,194.03,5047
1937,3053,2023-05-26 21:31:00+00:00,194.02,194.04,194.02,194.04,700
1938,3054,2023-05-26 21:32:00+00:00,194.02,194.05,194.02,194.05,1605
1939,3055,2023-05-26 21:33:00+00:00,194.03,194.11,194.03,194.11,5524
1940,3056,2023-05-26 21:34:00+00:00,194.12,194.15,194.12,194.13,1978
1941,3057,2023-05-26 21:35:00+00:00,194.15,194.15,194.13,194.13,2901
1942,3058,2023-05-26 21:36:00+00:00,194.12,194.12,194.05,194.07,4198
1943,3059,2023-05-26 21:37:00+00:00,194.07,194.07,194.01,194.01,4866
1944,3060,2023-05-26 21:38:00+00:00,194.03,194.03,193.99,194,2699
1945,3061,2023-05-26 21:39:00+00:00,194,194,193.98,193.98,1098
1946,3062,2023-05-26 21:40:00+00:00,194,194,193.95,193.95,3419
1947,3063,2023-05-26 21:41:00+00:00,193.95,193.99,193.95,193.99,3849
1948,3064,2023-05-26 21:42:00+00:00,193.99,194.1,193.99,194.1,9739
1949,3065,2023-05-26 21:43:00+00:00,194.14,194.21,194.07,194.21,6173
1950,3066,2023-05-26 21:44:00+00:00,194.25,194.3,194.19,194.2,7758
1951,3067,2023-05-26 21:45:00+00:00,194.22,194.3,194.19,194.3,4778
1952,3068,2023-05-26 21:46:00+00:00,194.3,194.33,194.21,194.25,4622
1953,3069,2023-05-26 21:47:00+00:00,194.37,194.37,194.22,194.25,3047
1954,3070,2023-05-26 21:48:00+00:00,194.22,194.22,194.04,194.04,7518
1955,3071,2023-05-26 21:49:00+00:00,194.04,194.16,194.04,194.06,1250
1956,3072,2023-05-26 21:50:00+00:00,194.14,194.15,194.05,194.05,566
1957,3073,2023-05-26 21:51:00+00:00,194.05,194.06,194.04,194.04,853
1958,3074,2023-05-26 21:52:00+00:00,194.04,194.05,194,194.05,4810
1959,3075,2023-05-26 21:53:00+00:00,194.05,194.05,194.02,194.04,2234
1960,3076,2023-05-26 21:54:00+00:00,194.04,194.04,193.97,193.97,4802
1961,3077,2023-05-26 21:55:00+00:00,193.94,193.98,193.93,193.94,3160
1962,3078,2023-05-26 21:56:00+00:00,193.97,193.97,193.93,193.94,3290
1963,3079,2023-05-26 21:57:00+00:00,193.92,193.99,193.92,193.99,999
1964,3080,2023-05-26 21:58:00+00:00,193.96,193.96,193.94,193.95,1893
1965,3081,2023-05-26 21:59:00+00:00,193.98,193.98,193.98,193.98,100
1966,3082,2023-05-26 22:00:00+00:00,194,194.05,194,194.04,4197
1967,3083,2023-05-26 22:01:00+00:00,194.04,194.04,193.98,193.98,3500
1968,3084,2023-05-26 22:02:00+00:00,194.04,194.04,194,194.01,2328
1969,3085,2023-05-26 22:03:00+00:00,194.03,194.03,194,194,994
1970,3086,2023-05-26 22:04:00+00:00,194,194.05,194,194.05,1083
1971,3087,2023-05-26 22:05:00+00:00,194.02,194.03,194.02,194.03,1231
1972,3088,2023-05-26 22:06:00+00:00,194.01,194.03,194.01,194.01,3863
1973,3089,2023-05-26 22:07:00+00:00,194.03,194.04,194.03,194.04,1300
1974,3090,2023-05-26 22:08:00+00:00,194.02,194.03,193.94,194.03,4124
1975,3091,2023-05-26 22:09:00+00:00,193.95,194,193.95,194,2000
1976,3092,2023-05-26 22:10:00+00:00,194,194,193.96,193.96,3590
1977,3093,2023-05-26 22:11:00+00:00,193.97,194.01,193.97,193.99,6159
1978,3094,2023-05-26 22:12:00+00:00,193.97,193.99,193.97,193.97,4477
1979,3095,2023-05-26 22:13:00+00:00,193.97,194,193.97,194,3776
1980,3096,2023-05-26 22:14:00+00:00,194.04,194.04,193.98,194,3092
1981,3097,2023-05-26 22:15:00+00:00,194,194.03,193.98,194.03,1083
1982,3098,2023-05-26 22:16:00+00:00,194,194,193.94,193.95,2658
1983,3099,2023-05-26 22:17:00+00:00,193.95,193.97,193.94,193.94,4867
1984,3100,2023-05-26 22:18:00+00:00,193.96,193.96,193.94,193.94,1300
1985,3101,2023-05-26 22:19:00+00:00,193.96,193.96,193.96,193.96,100
1986,3102,2023-05-26 22:20:00+00:00,193.95,193.96,193.95,193.95,3500
1987,3103,2023-05-26 22:21:00+00:00,193.95,193.96,193.95,193.95,800
1988,3104,2023-05-26 22:22:00+00:00,193.97,193.97,193.96,193.97,592
1989,3105,2023-05-26 22:23:00+00:00,193.96,193.97,193.96,193.96,800
1990,3106,2023-05-26 22:24:00+00:00,193.97,193.97,193.95,193.95,1693
1991,3107,2023-05-26 22:25:00+00:00,193.95,193.95,193.95,193.95,858
1992,3108,2023-05-26 22:26:00+00:00,193.96,193.96,193.95,193.95,2813
1993,3109,2023-05-26 22:27:00+00:00,193.94,193.96,193.94,193.96,1300
1994,3110,2023-05-26 22:28:00+00:00,193.95,193.95,193.95,193.95,126
1995,3111,2023-05-26 22:29:00+00:00,193.94,193.96,193.94,193.96,2055
1996,3112,2023-05-26 22:30:00+00:00,193.96,193.96,193.92,193.92,529
1997,3113,2023-05-26 22:31:00+00:00,193.92,193.92,193.9,193.91,1992
1998,3114,2023-05-26 22:32:00+00:00,193.9,193.9,193.9,193.9,1084
1999,3115,2023-05-26 22:33:00+00:00,193.9,193.9,193.87,193.87,840
2000,3116,2023-05-26 22:34:00+00:00,193.85,193.87,193.83,193.83,3291
2001,3117,2023-05-26 22:35:00+00:00,193.83,193.87,193.81,193.87,2409
2002,3118,2023-05-26 22:36:00+00:00,193.82,193.82,193.82,193.82,1300
2003,3119,2023-05-26 22:37:00+00:00,193.83,193.84,193.7,193.7,5949
2004,3120,2023-05-26 22:38:00+00:00,193.71,193.79,193.67,193.72,2417
2005,3121,2023-05-26 22:39:00+00:00,193.77,193.83,193.77,193.83,1075
2006,3122,2023-05-26 22:40:00+00:00,193.83,193.86,193.75,193.76,3606
2007,3123,2023-05-26 22:41:00+00:00,193.75,193.82,193.75,193.82,2652
2008,3124,2023-05-26 22:42:00+00:00,193.8,193.8,193.75,193.79,1106
2009,3125,2023-05-26 22:43:00+00:00,193.71,193.72,193.65,193.69,3478
2010,3126,2023-05-26 22:44:00+00:00,193.65,193.78,193.65,193.78,4551
2011,3127,2023-05-26 22:45:00+00:00,193.7,193.77,193.7,193.73,1291
2012,3128,2023-05-26 22:46:00+00:00,193.74,193.75,193.7,193.75,720
2013,3129,2023-05-26 22:47:00+00:00,193.72,193.72,193.71,193.71,1714
2014,3130,2023-05-26 22:48:00+00:00,193.7,193.71,193.7,193.7,1487
2015,3131,2023-05-26 22:49:00+00:00,193.72,193.79,193.72,193.73,2922
2016,3132,2023-05-26 22:50:00+00:00,193.73,193.73,193.73,193.73,0
2017,3133,2023-05-26 22:51:00+00:00,193.73,193.74,193.73,193.73,100
2018,3134,2023-05-26 22:52:00+00:00,193.73,193.73,193.7,193.7,1698
2019,3135,2023-05-26 22:53:00+00:00,193.7,193.7,193.7,193.7,0
2020,3136,2023-05-26 22:54:00+00:00,193.77,193.77,193.73,193.74,882
2021,3137,2023-05-26 22:55:00+00:00,193.74,193.76,193.74,193.76,1452
2022,3138,2023-05-26 22:56:00+00:00,193.79,193.79,193.74,193.78,529
2023,3139,2023-05-26 22:57:00+00:00,193.78,193.8,193.78,193.8,3715
2024,3140,2023-05-26 22:58:00+00:00,193.85,193.85,193.8,193.83,2752
2025,3141,2023-05-26 22:59:00+00:00,193.85,193.85,193.8,193.82,1116
2026,3142,2023-05-26 23:00:00+00:00,193.83,193.83,193.8,193.82,620
2027,3143,2023-05-26 23:01:00+00:00,193.82,193.82,193.81,193.82,645
2028,3144,2023-05-26 23:02:00+00:00,193.82,193.85,193.78,193.78,3811
2029,3145,2023-05-26 23:03:00+00:00,193.78,193.78,193.71,193.71,820
2030,3146,2023-05-26 23:04:00+00:00,193.72,193.72,193.72,193.72,166
2031,3147,2023-05-26 23:05:00+00:00,193.74,193.76,193.74,193.76,2255
2032,3148,2023-05-26 23:06:00+00:00,193.77,193.8,193.75,193.8,818
2033,3149,2023-05-26 23:07:00+00:00,193.8,193.8,193.8,193.8,930
2034,3150,2023-05-26 23:08:00+00:00,193.8,193.85,193.78,193.78,1575
2035,3151,2023-05-26 23:09:00+00:00,193.78,193.84,193.77,193.83,1260
2036,3152,2023-05-26 23:10:00+00:00,193.77,193.85,193.77,193.85,2677
2037,3153,2023-05-26 23:11:00+00:00,193.84,193.87,193.84,193.85,1733
2038,3154,2023-05-26 23:12:00+00:00,193.89,193.89,193.77,193.89,5318
2039,3155,2023-05-26 23:13:00+00:00,193.85,193.85,193.85,193.85,100
2040,3156,2023-05-26 23:14:00+00:00,193.85,193.85,193.85,193.85,0
2041,3157,2023-05-26 23:15:00+00:00,193.8,193.8,193.8,193.8,127
2042,3158,2023-05-26 23:16:00+00:00,193.81,193.81,193.78,193.78,513
2043,3159,2023-05-26 23:17:00+00:00,193.8,193.8,193.73,193.75,1595
2044,3160,2023-05-26 23:18:00+00:00,193.74,193.75,193.74,193.75,227
2045,3161,2023-05-26 23:19:00+00:00,193.75,193.76,193.75,193.76,926
2046,3162,2023-05-26 23:20:00+00:00,193.72,193.79,193.72,193.76,1717
2047,3163,2023-05-26 23:21:00+00:00,193.79,193.79,193.75,193.75,747
2048,3164,2023-05-26 23:22:00+00:00,193.78,193.78,193.78,193.78,100
2049,3165,2023-05-26 23:23:00+00:00,193.79,193.79,193.79,193.79,238
2050,3166,2023-05-26 23:24:00+00:00,193.75,193.79,193.75,193.79,1206
2051,3167,2023-05-26 23:25:00+00:00,193.72,193.76,193.72,193.76,500
2052,3168,2023-05-26 23:26:00+00:00,193.76,193.78,193.71,193.71,2623
2053,3169,2023-05-26 23:27:00+00:00,193.71,193.75,193.7,193.75,1081
2054,3170,2023-05-26 23:28:00+00:00,193.73,193.75,193.73,193.75,1943
2055,3171,2023-05-26 23:29:00+00:00,193.75,193.75,193.7,193.7,786
2056,3172,2023-05-26 23:30:00+00:00,193.71,193.82,193.71,193.73,1305
2057,3173,2023-05-26 23:31:00+00:00,193.72,193.84,193.7,193.7,2492
2058,3174,2023-05-26 23:32:00+00:00,193.7,193.78,193.7,193.75,425
2059,3175,2023-05-26 23:33:00+00:00,193.77,193.77,193.7,193.7,1365
2060,3176,2023-05-26 23:34:00+00:00,193.71,193.71,193.55,193.65,4129
2061,3177,2023-05-26 23:35:00+00:00,193.65,193.7,193.58,193.6,3811
2062,3178,2023-05-26 23:36:00+00:00,193.65,193.69,193.65,193.69,2013
2063,3179,2023-05-26 23:37:00+00:00,193.65,193.65,193.6,193.61,1075
2064,3180,2023-05-26 23:38:00+00:00,193.65,193.65,193.6,193.65,2305
2065,3181,2023-05-26 23:39:00+00:00,193.65,193.69,193.65,193.68,1039
2066,3182,2023-05-26 23:40:00+00:00,193.7,193.72,193.65,193.7,2279
2067,3183,2023-05-26 23:41:00+00:00,193.7,193.7,193.7,193.7,0
2068,3184,2023-05-26 23:42:00+00:00,193.74,193.77,193.74,193.77,5702
2069,3185,2023-05-26 23:43:00+00:00,193.78,193.83,193.78,193.8,4828
2070,3186,2023-05-26 23:44:00+00:00,193.84,193.87,193.84,193.85,2570
2071,3187,2023-05-26 23:45:00+00:00,193.85,193.85,193.82,193.82,2050
2072,3188,2023-05-26 23:46:00+00:00,193.85,193.87,193.84,193.87,2431
2073,3189,2023-05-26 23:47:00+00:00,193.87,193.87,193.8,193.8,1637
2074,3190,2023-05-26 23:48:00+00:00,193.8,193.82,193.8,193.82,1612
2075,3191,2023-05-26 23:49:00+00:00,193.82,193.82,193.8,193.82,2936
2076,3192,2023-05-26 23:50:00+00:00,193.84,193.88,193.83,193.88,1906
2077,3193,2023-05-26 23:51:00+00:00,193.87,193.95,193.82,193.85,3582
2078,3194,2023-05-26 23:52:00+00:00,193.95,193.95,193.83,193.9,4295
2079,3195,2023-05-26 23:53:00+00:00,193.9,193.97,193.9,193.97,5453
2080,3196,2023-05-26 23:54:00+00:00,193.95,194,193.94,193.98,6625
2081,3197,2023-05-26 23:55:00+00:00,194,194,193.9,193.9,5687
2082,3198,2023-05-26 23:56:00+00:00,193.97,194,193.91,193.98,4887
2083,3199,2023-05-26 23:57:00+00:00,193.98,194,193.95,194,8159
2084,3200,2023-05-26 23:58:00+00:00,194,194.11,194,194.09,8487
2085,3201,2023-05-26 23:59:00+00:00,194.1,194.1,194,194,10099
